{"cameraMode":{"drawMode":0,"name":"Shaded","section":"Shading Mode"},"sceneLighting":false,"audioPlay":false,"sceneViewState":{"m_AlwaysRefresh":false,"showFog":true,"showSkybox":false,"showFlares":true,"showImageEffects":true,"showParticleSystems":true,"showVisualEffectGraphs":true,"m_FxEnabled":true},"in2DMode":false,"pivot":{"x":3.1500000953674318,"y":-0.6499999761581421,"z":0.4999997615814209},"rotation":{"x":-0.009945612400770188,"y":-0.950310468673706,"z":0.3096577823162079,"w":-0.030517207458615304},"size":1.5453559160232545,"orthographic":false}