{"cameraMode":{"drawMode":0,"name":"Shaded","section":"Shading Mode"},"sceneLighting":true,"audioPlay":false,"sceneViewState":{"m_AlwaysRefresh":false,"showFog":true,"showSkybox":true,"showFlares":true,"showImageEffects":true,"showParticleSystems":true,"showVisualEffectGraphs":true,"m_FxEnabled":true},"in2DMode":false,"pivot":{"x":0.023281678557395936,"y":-6.892024517059326,"z":-2.999053478240967},"rotation":{"x":-0.006609618663787842,"y":-0.8514132499694824,"z":0.5243513584136963,"w":-0.01072963047772646},"size":6.5977654457092289,"orthographic":false}