{"cameraMode":{"drawMode":0,"name":"Shaded","section":"Shading Mode"},"sceneLighting":true,"audioPlay":false,"sceneViewState":{"m_AlwaysRefresh":false,"showFog":true,"showSkybox":true,"showFlares":true,"showImageEffects":true,"showParticleSystems":true,"showVisualEffectGraphs":true,"m_FxEnabled":true},"in2DMode":false,"pivot":{"x":0.8353201150894165,"y":-3.4930763244628908,"z":1.9673728942871094},"rotation":{"x":0.26537299156188967,"y":-0.07366891950368881,"z":0.02034067176282406,"w":0.9611131548881531},"size":7.172497272491455,"orthographic":false}