{"cameraMode":{"drawMode":0,"name":"Shaded","section":"Shading Mode"},"sceneLighting":true,"audioPlay":false,"sceneViewState":{"m_AlwaysRefresh":false,"showFog":true,"showSkybox":true,"showFlares":true,"showImageEffects":true,"showParticleSystems":true,"showVisualEffectGraphs":true,"m_FxEnabled":true},"in2DMode":false,"pivot":{"x":-0.14470066130161286,"y":0.9633749723434448,"z":-6.996190547943115},"rotation":{"x":0.3207133114337921,"y":0.16090194880962373,"z":-0.055385101586580279,"w":0.9317623972892761},"size":17.82042121887207,"orthographic":true}