{"cameraMode":{"drawMode":0,"name":"Shaded","section":"Shading Mode"},"sceneLighting":true,"audioPlay":false,"sceneViewState":{"m_AlwaysRefresh":false,"showFog":true,"showSkybox":true,"showFlares":true,"showImageEffects":true,"showParticleSystems":true,"showVisualEffectGraphs":true,"m_FxEnabled":true},"in2DMode":false,"pivot":{"x":-1.3744981288909913,"y":3.5544815063476564,"z":-0.3488607406616211},"rotation":{"x":0.42348289489746096,"y":-0.001086036441847682,"z":0.0005276045412756503,"w":0.9056320786476135},"size":12.583501815795899,"orthographic":true}