{"cameraMode":{"drawMode":0,"name":"Shaded","section":"Shading Mode"},"sceneLighting":true,"audioPlay":false,"sceneViewState":{"m_AlwaysRefresh":false,"showFog":true,"showSkybox":true,"showFlares":true,"showImageEffects":true,"showParticleSystems":true,"showVisualEffectGraphs":true,"m_FxEnabled":true},"in2DMode":false,"pivot":{"x":1.0518138408660889,"y":4.013235092163086,"z":-0.48731279373168948},"rotation":{"x":-0.3031874895095825,"y":-0.08242608606815338,"z":0.08704666793346405,"w":-0.9453579187393189},"size":8.163446426391602,"orthographic":true}